{
    "spider": "./spider.jar",
    "sites": [
        {
            "key": "豆",
            "name": "🍺宝哥｜饭饭线路",
            "type": 3,
            "api": "csp_DouDouGuard",
            "indexs": 1,
            "searchable": 0,
            "quickSearch": 0,
            "changeable": 0
        },
        {
            "key": "玩偶",
            "name": "👽玩偶哥哥┃4K弹幕",
            "type": 3,
            "api": "csp_WoGGGuard",
            "timeout": 30,
            "searchable": 1,
            "quickSearch": 1,
            "changeable": 0,
            "ext": {
                "Cloud-drive": "http://127.0.0.1:9978/file/TVBox/Cloud-drive.txt"
            }
        },
        {
            "key": "MTV1",
            "name": "🎙️易听音乐┃带歌词",
            "type": 3,
            "api": "csp_MusicGuard",
            "style": {
                "type": "rect",
                "ratio": 1
            },
            "playerType": 2,
            "searchable": 1,
            "quickSearch": 0,
            "changeable": 0
        },
        {
            "key": "厂长",
            "name": "📔厂长┃秒播",
            "type": 3,
            "api": "csp_NewCzGuard",
            "timeout": 10,
            "playerType": 2,
            "searchable": 1,
            "quickSearch": 1,
            "changeable": 1
        },
        {
            "key": "文采",
            "name": "💮文采┃秒播",
            "type": 3,
            "api": "csp_JpysGuard",
            "timeout": 10,
            "playerType": 2,
            "searchable": 1,
            "quickSearch": 1,
            "changeable": 1
        },
        {
            "key": "原创",
            "name": "☀原创┃秒播",
            "type": 3,
            "api": "csp_YCyzGuard",
            "timeout": 15,
            "playerType": 1,
            "searchable": 1,
            "quickSearch": 1,
            "changeable": 1
        },
        {
            "key": "热播",
            "name": "📺热播┃多线",
            "type": 3,
            "api": "csp_AppTTGuard",
            "timeout": 10,
            "playerType": 2,
            "searchable": 1,
            "quickSearch": 1,
            "changeable": 1,
            "ext": "uqGL1bNENExT7/hGxpSE5qU="
        },
        {
            "key": "剧圈",
            "name": "🐻剧圈┃多线",
            "type": 3,
            "api": "csp_AppSxGuard",
            "timeout": 10,
            "searchable": 1,
            "quickSearch": 1,
            "changeable": 1,
            "ext": "rfOb1uAWbkRHp7hdxprG9un3+S3T18333j8hL4ryEFdPZxse8yYwoKFyJOlU2M9/q2OcL8NQxT0k5GV9Quw0AIzUurGBVyPqCLrdirfpAz+n0Qh7PVBWo8uxWhO1Bs1MCYA1oiM="
        },
        {
            "key": "猫猫",
            "name": "🐟猫猫┃多线",
            "type": 3,
            "api": "csp_AppSxGuard",
            "timeout": 10,
            "searchable": 1,
            "quickSearch": 1,
            "changeable": 1,
            "ext": "rfOX1voDIQhH8epBwpmIsuStr2HSytK11WwwcM/+XB8SbkBB4XYk/L52LroCiYRhoDrRLJ4ZkCh5q2RxCb5yUs6B5aCQVGSkR6zDgKLrFSDulg=="
        },
        {
            "key": "橘子",
            "name": "🍊橘子┃多线",
            "type": 3,
            "api": "csp_AppSxGuard",
            "timeout": 10,
            "searchable": 1,
            "quickSearch": 1,
            "changeable": 1,
            "ext": "rfOb1uAWbkRHp7hdxprG9un3+TXe0NPv1yt7LM60XkwYLA1No3EluLI1d/gV1t5vq2+PaJZO0X8y4XhhFKorB8fL8quaRzegVrmV3P39FC7u1UYsIlVb07zwEm/4Hc0/c9s1snJBF1/lWqakhRaj"
        },
        {
            "key": "鲸鱼",
            "name": "👀鲸鱼┃多线",
            "type": 3,
            "api": "csp_AppSxGuard",
            "timeout": 10,
            "searchable": 1,
            "quickSearch": 1,
            "changeable": 1,
            "ext": "rfOb1uAWbkRHp7hdxprG9un3+TXC3NH30m85MMiyVkwSIgNArXpwrLZwJOlInMRrq2qCb88RxXck6mdnBfx+E9mVr7CRV3DjHKPEg6m0XXGnjhlkfQR72J78AFGkC9UAXMZC0hlWSxa1Bv3jlR7vRcQK"
        },
        {
            "key": "糯米",
            "name": "🍓糯米┃多线",
            "type": 3,
            "api": "csp_NmyswvGuard",
            "timeout": 15,
            "searchable": 1,
            "quickSearch": 1,
            "changeable": 1
        },
        {
            "key": "Anime1",
            "name": "🐾日本┃动漫",
            "type": 3,
            "api": "csp_Anime1Guard",
            "timeout": 10,
            "searchable": 1,
            "quickSearch": 1,
            "changeable": 1
        },
        {
            "key": "88",
            "name": "⚽88┃看球",
            "type": 3,
            "api": "csp_Sir88Guard",
            "timeout": 10,
            "searchable": 0,
            "changeable": 0,
            "style": {
                "type": "list"
            }
        },
        {
            "key": "超全",
            "name": "⚽超全┃看球",
            "type": 3,
            "api": "csp_ZbzGuard",
            "searchable": 0,
            "quickSearch": 0,
            "changeable": 0,
            "style": {
                "type": "list"
            },
            "ext": "uqGL1fpJNAUf8fdTwZCE5qSp+Q=="
        },
        {
            "key": "看球",
            "name": "⚽手机┃看球",
            "type": 3,
            "api": "csp_KanqiuGuard",
            "timeout": 10,
            "searchable": 0,
            "changeable": 0,
            "style": {
                "type": "list"
            }
        },
        {
            "key": "MDrive",
            "name": "🗂我的云盘┃我配置",
            "type": 3,
            "api": "csp_MyDriveGuard",
            "changeable": 0,
            "indexs": 0,
            "searchable": 1,
            "style": {
                "type": "oval"
            },
            "ext": {
                "Cloud-drive": "http://127.0.0.1:9978/file/TVBox/Cloud-drive.txt"
            }
        }
    ],
    "logo": "https://bdcache1-f1.v3mh.com/image/25-12-16/6941612717007.gif",
    "lives": [
        {"name":"develop202","type":0,"url":"https://gh.llkk.cc/http://raw.githubusercontent.com/develop202/migu_video/refs/heads/main/interface.txt","playerType":2,"epg":"http://epg.51zmt.top:8000/api/diyp/?ch={name}&date={date}"},
        {"name":"冰茶","type":0,"url":"https://bc.188766.xyz/?ip=&mishitong=true&mima=mianfeibuhuaqian&json=true","timeout":10,"ua":"bingcha/1.1(mianfeifenxiang)"},
        {"name":"范明明（需开启V6网络）","type":0,"url":"https://nos.netease.com/ysf/3d75a78a0fc7ede372c03598d6d10367.m3u","playerType":2},
        {"name":"虎牙一起看","type":0,"url":"https://sub.ottiptv.cc/huyayqk.m3u","playerType":2,"timeout":10,"ua":"okHttp/Mod-1.5.0.0"},
        {"name":"斗鱼一起看","type":0,"url":"https://sub.ottiptv.cc/douyuyqk.m3u","playerType":2,"timeout":10,"ua":"okHttp/Mod-1.5.0.0"},
        {"name":"B站直播","type":0,"url":"https://sub.ottiptv.cc/bililive.m3u","playerType":2,"timeout":10,"ua":"okHttp/Mod-1.5.0.0"},
        {"name":"YY轮播","type":0,"url":"https://sub.ottiptv.cc/yylunbo.m3u","playerType":2,"timeout":10,"ua":"okHttp/Mod-1.5.0.0"}
    ]
}