﻿{
    "class": [
        {
            "type_name": "番剧",
            "type_id": "1"
        },
        {
            "type_name": "国创",
            "type_id": "4"
        },
        {
            "type_name": "剧集",
            "type_id": "5"
        },
        {
            "type_name": "综艺",
            "type_id": "7"
        },
        {
            "type_name": "纪录",
            "type_id": "3"
        }
    ],
    "filters": {
        "2": [
            {
                "key": "order",
                "name": "排序",
                "value": [
                    {
                        "n": "播放数量",
                        "v": "2"
                    },
                    {
                        "n": "更新时间",
                        "v": "0"
                    },
                    {
                        "n": "最高评分",
                        "v": "4"
                    },
                    {
                        "n": "弹幕数量",
                        "v": "1"
                    },
                    {
                        "n": "追看人数",
                        "v": "3"
                    },
                    {
                        "n": "开播时间",
                        "v": "5"
                    },
                    {
                        "n": "上映时间",
                        "v": "6"
                    }
                ]
            },
            {
                "key": "season_status",
                "name": "付费",
                "value": [
                    {
                        "n": "全部",
                        "v": "-1"
                    },
                    {
                        "n": "免费",
                        "v": "1"
                    },
                    {
                        "n": "付费",
                        "v": "2%2C6"
                    },
                    {
                        "n": "大会员",
                        "v": "4%2C6"
                    }
                ]
            }
        ],
        "5": [
            {
                "key": "order",
                "name": "排序",
                "value": [
                    {
                        "n": "播放数量",
                        "v": "2"
                    },
                    {
                        "n": "更新时间",
                        "v": "0"
                    },
                    {
                        "n": "最高评分",
                        "v": "4"
                    },
                    {
                        "n": "弹幕数量",
                        "v": "1"
                    },
                    {
                        "n": "追看人数",
                        "v": "3"
                    },
                    {
                        "n": "开播时间",
                        "v": "5"
                    },
                    {
                        "n": "上映时间",
                        "v": "6"
                    }
                ]
            },
            {
                "key": "season_status",
                "name": "付费",
                "value": [
                    {
                        "n": "全部",
                        "v": "-1"
                    },
                    {
                        "n": "免费",
                        "v": "1"
                    },
                    {
                        "n": "付费",
                        "v": "2%2C6"
                    },
                    {
                        "n": "大会员",
                        "v": "4%2C6"
                    }
                ]
            }
        ],
        "7": [
            {
                "key": "order",
                "name": "排序",
                "value": [
                    {
                        "n": "播放数量",
                        "v": "2"
                    },
                    {
                        "n": "更新时间",
                        "v": "0"
                    },
                    {
                        "n": "最高评分",
                        "v": "4"
                    },
                    {
                        "n": "弹幕数量",
                        "v": "1"
                    },
                    {
                        "n": "追看人数",
                        "v": "3"
                    },
                    {
                        "n": "开播时间",
                        "v": "5"
                    },
                    {
                        "n": "上映时间",
                        "v": "6"
                    }
                ]
            },
            {
                "key": "season_status",
                "name": "付费",
                "value": [
                    {
                        "n": "全部",
                        "v": "-1"
                    },
                    {
                        "n": "免费",
                        "v": "1"
                    },
                    {
                        "n": "付费",
                        "v": "2%2C6"
                    },
                    {
                        "n": "大会员",
                        "v": "4%2C6"
                    }
                ]
            }
        ],
        "3": [
            {
                "key": "order",
                "name": "排序",
                "value": [
                    {
                        "n": "播放数量",
                        "v": "2"
                    },
                    {
                        "n": "更新时间",
                        "v": "0"
                    },
                    {
                        "n": "最高评分",
                        "v": "4"
                    },
                    {
                        "n": "弹幕数量",
                        "v": "1"
                    },
                    {
                        "n": "追看人数",
                        "v": "3"
                    },
                    {
                        "n": "开播时间",
                        "v": "5"
                    },
                    {
                        "n": "上映时间",
                        "v": "6"
                    }
                ]
            },
            {
                "key": "season_status",
                "name": "付费",
                "value": [
                    {
                        "n": "全部",
                        "v": "-1"
                    },
                    {
                        "n": "免费",
                        "v": "1"
                    },
                    {
                        "n": "付费",
                        "v": "2%2C6"
                    },
                    {
                        "n": "大会员",
                        "v": "4%2C6"
                    }
                ]
            }
        ],
        "1": [
            {
                "key": "order",
                "name": "排序",
                "value": [
                    {
                        "n": "播放数量",
                        "v": "2"
                    },
                    {
                        "n": "更新时间",
                        "v": "0"
                    },
                    {
                        "n": "最高评分",
                        "v": "4"
                    },
                    {
                        "n": "弹幕数量",
                        "v": "1"
                    },
                    {
                        "n": "追看人数",
                        "v": "3"
                    },
                    {
                        "n": "开播时间",
                        "v": "5"
                    },
                    {
                        "n": "上映时间",
                        "v": "6"
                    }
                ]
            },
            {
                "key": "season_status",
                "name": "付费",
                "value": [
                    {
                        "n": "全部",
                        "v": "-1"
                    },
                    {
                        "n": "免费",
                        "v": "1"
                    },
                    {
                        "n": "付费",
                        "v": "2%2C6"
                    },
                    {
                        "n": "大会员",
                        "v": "4%2C6"
                    }
                ]
            }
        ],
        "4": [
            {
                "key": "order",
                "name": "排序",
                "value": [
                    {
                        "n": "播放数量",
                        "v": "2"
                    },
                    {
                        "n": "更新时间",
                        "v": "0"
                    },
                    {
                        "n": "最高评分",
                        "v": "4"
                    },
                    {
                        "n": "弹幕数量",
                        "v": "1"
                    },
                    {
                        "n": "追看人数",
                        "v": "3"
                    },
                    {
                        "n": "开播时间",
                        "v": "5"
                    },
                    {
                        "n": "上映时间",
                        "v": "6"
                    }
                ]
            },
            {
                "key": "season_status",
                "name": "付费",
                "value": [
                    {
                        "n": "全部",
                        "v": "-1"
                    },
                    {
                        "n": "免费",
                        "v": "1"
                    },
                    {
                        "n": "付费",
                        "v": "2%2C6"
                    },
                    {
                        "n": "大会员",
                        "v": "4%2C6"
                    }
                ]
            }
        ]
    }
}