{
    "urls": [
        {
            "url": "./bao/api.json",
            "name": "🚀0-宝哥精选源"
        }, 
        {
            "url": "./fm/api.json",
            "name": "🚀1-肥猫本地源"
        }, 
        {
            "url": "./fty/api.json",
            "name": "🚀2-饭太硬本地源"
        }, 
        {
            "url": "./gd/api.json",
            "name": "🚀3-宫殿本地源"
        }, 
        {
            "url": "http://肥猫.com",
            "name": "🚀4-肥猫在线源"
        },
        {
            "url": "http://www.饭太硬.com/tv/",
            "name": "🚀5-饭太硬在线源"
        },
        {
            "url": "http://pandown.pro/tvbox/tvbox.json",
            "name": "🚀6-巧计在线源"
        },
         {
            "url": "http://tv.nxog.top/m/",
            "name": "🚀7-欧歌在线源"
        },
        {
            "url": "./tvbox/cc.json",
            "name": "🚀8-有意线路"
        }
    ]
}



