{
    "主页url": "https://v.zrxgnxddxw.com/ddlt/30.html",
    "数组": "part-2by3&&</li",
    "嗅探词": ".m3u8#.mp4",
    "图片": "data-original=\"&&\"",
    "标题": "html\">&&</a",
    "副标题": "✨+text-center\">&&</span>",
    "链接": "href=\"&&\"",
    "简介": "✨指间的黑客为您介绍剧情✨-+qqmt5-matp-v\">&&</div>",
    "线路二次截取": "<dt class=\"tabt3\">&&</dt><dd",
    "线路数组": "<span&&</span>",
    "线路标题": "✨+png\">&&<+【共+5px; \">&&</+】",
    "播放链接": "href=\"&&\"",
    "播放标题": "✨+title=\"&&\"",
    "倒序": "1",
    "搜索url": "https://v.zrxgnxddxw.com/search.php?page={pg}&searchword={wd}&searchtype=",
    "分类": "短剧$30#抖音短剧$43#快手短剧$44",
    "分类url": "https://v.zrxgnxddxw.com/search.php?page={catePg}&searchtype=5&tid={cateId}&jq={class}&area={area}&year={year}",
    "筛选": "1",
    "剧情": "解密&乡村&都市&少儿&对话&搞笑&恐怖&宫廷&剧情&言情&家庭&励志&偶像&时装&年代&悬疑&古装&热血&同人&耽美",
    "字母": "A&B&C&D&E&F&G&H&I&J&K&L&M&N&O&P&Q&R&S&T&U&V&W&X&Y&Z&0-9",
    "字母值": "*",
    "排序": "时间&人气&评分",
    "排序值": "time&hits&score"
}