{
"作者": "小可乐/2409/第五版",
"备注": "与毒舌，网飞猫同一站，就主页网址不一样，可可：https://www.keke7.app，毒舌: https://www.dushe7.app，网飞猫: https://www.ncat2.com:51111",
"站名": "可可影视",
"请求头": "User-Agent$MOBILE_UA",
"编码": "UTF-8",
"图片代理": "0",

"主页url": "https://www.keke7.app/channel/6.html",
"首页": "120",
"起始页": "1",
"分类url": "https://www.keke7.app/show/6-{cateId}----3-{catePg}.html;;mrcd0",
"分类": "逆袭&甜宠&虐恋&穿越&重生&剧情&科幻&武侠&爱情&动作&战争&冒险&其他",
"分类值": "*",

"数组": "默认--/detail&&</a>||搜索--/detail&&</a>",
"标题": "默认--</div>*title\">&&<||搜索--title=\"&&\"",
"图片": "https://61.147.93.252:15002/+data-original=\"/&&\"",
"副标题": "</span>*<span>&&</span>||搜索--tags\">&&</span>",
"链接": "/detail/+/&&\"",

"影片年代": "detail-tags-item\">&&</a>",
"影片地区": "----.html*>&&</a>",
"影片类型": "-----.html*>&&</div>",
"状态": "备注:</div>&&</div>",
"导演": "导演:</div>&&</div>",
"主演": "演员:</div>&&</div>",
"简介": "detail-desc\">&&</p>",

"线路数组": "source-item\">&&</a>[不包含:4K]",
"线路标题": "👶+</span>*>&&</span>",
"播放数组": "episode-list&&</div>",
"播放列表": "<a&&/a>",
"播放标题": ">&&<",
"播放链接": "href=\"&&\"",

"直接播放": "0",
"嗅探词": ".mp4#.m3u8",

"搜索请求头": "User-Agent$MOBILE_UA",
"搜索url": "/search?k={wd}&page={pg}",
"搜索模式": "1",

"筛选": "1",
"剧情": "短剧&逆袭&甜宠&虐恋&穿越&重生&剧情&科幻&武侠&爱情&动作&战争&冒险&其他"
}