{"spider":"./pg.jar",
  "sites": [
    {
      "key": "shaonv",
      "name": "随便看看",
      "type": 0,
      "api": "https://www.msnii.com/api/xml.php",
      "searchable": 1,
      "quickSearch": 0,
      "filterable": 0
    },
    {
      "key": "lebo",
      "name": "乐乐资源",
      "type": 1,
      "api": "https://lbapi9.com/api.php/provide/vod/at/json/?ac=list",
      "searchable": 1,
      "quickSearch": 1,
      "filterable": 1
    },
    {
      "key": "dadi",
      "name": "大地资源",
      "type": 0,
      "api": "https://dadiapi.com/api.php",
      "searchable": 1,
      "quickSearch": 1,
      "filterable": 1
    },
    {
      "key": "yinshui",
      "name": "水水资源",
      "type": 0,
      "api": "https://www.xrbsp.com/api/xml.php",
      "searchable": 1,
      "quickSearch": 0,
      "filterable": 0
    },
    {
      "key": "senlin",
      "name": "森林资源",
      "type": 1,
      "api": "https://slapibf.com/api.php",
      "playUrl": "https://sljxsl.com/?url=",
      "searchable": 1,
      "quickSearch": 1,
      "filterable": 0
    },
    {
      "key": "naixiang",
      "name": "香香资源",
      "type": 1,
      "api": "https://naixxzy.com/api.php/provide/vod/?ac=list",
      "searchable": 1,
      "quickSearch": 1,
      "filterable": 1
    },
    {
      "key": "gay",
      "name": "哥哥资源",
      "type": 1,
      "api": "https://slapibf.com/api.php/provide/vod/?ac=list",
      "searchable": 1,
      "quickSearch": 1,
      "filterable": 1
    },
    {
      "key": "taohua",
      "name": "榴榴资源",
      "type": 1,
      "api": "https://www.caoliuzyw.com/api.php/provide/vod/at/json/",
      "searchable": 1,
      "quickSearch": 1,
      "filterable": 1
    },
    {
      "key": "baiwan",
      "name": "百万资源",
      "type": 1,
      "api": "https://155api.com/api.php/provide/vod/?ac=list",
      "searchable": 1,
      "quickSearch": 1,
      "filterable": 1
    },
    {
      "key": "lajiao",
      "name": "辣椒资源",
      "type": 1,
      "api": "http://api.11bat.com/api.php/provide/vod",
      "searchable": 1,
      "quickSearch": 1,
      "filterable": 0
    },
    {
      "key": "siwa",
      "name": "丝丝资源",
      "type": 1,
      "api": "https://www.siwazyw.tv/api.php/provide/vod",
      "searchable": 1,
      "quickSearch": 1,
      "filterable": 1
    },
    {
      "key": "fanhao",
      "name": "番号资源",
      "type": 0,
      "api": "https://www.caoliuzyw.com/api.php/provide/vod/at/xml/",
      "searchable": 1,
      "quickSearch": 1,
      "filterable": 1
    },
    {
      "key": "didizy",
      "name": "滴滴资源",
      "type": 1,
      "api": "https://api.ddapi.cc/api.php/provide/vod/?ac=list",
      "searchable": 1,
      "quickSearch": 1,
      "filterable": 1
    },
    {
      "key": "jkunzy",
      "name": "哔哔资源",
      "type": 1,
      "api": "https://apilsbzy1.com/api.php/provide/vod/?ac=list",
      "searchable": 1,
      "quickSearch": 1,
      "filterable": 1
    },
    {
      "key": "ckzy.",
      "name": "棒子资源",
      "type": 1,
      "api": "https://ckzy.me/api.php/provide/vod/?ac=list",
      "searchable": 1,
      "quickSearch": 1,
      "filterable": 1
    },
    {
      "key": "aosikazy",
      "name": "奥斯资源",
      "type": 1,
      "api": "http://fhapi9.com/api.php/provide/vod",
      "searchable": 1,
      "quickSearch": 1,
      "filterable": 1
    },
    {
      "key": "f2d",
      "name": "猫猫资源",
      "type": 1,
      "api": "https://caiji.semaozy.net/inc/apijson_vod.php",
      "searchable": 1,
      "quickSearch": 1,
      "filterable": 0
    },
    {
      "key": "diidzy",
      "name": "滴滴资源",
      "type": 1,
      "api": "https://api.ddapi.cc/api.php/provide/vod/?ac=list",
      "searchable": 1,
      "quickSearch": 1,
      "filterable": 1
    }
  ],
  "parses": [
    {
      "name": "解析5",
      "type": 1,
      "url": "https://lajiaoapi.com/watch?url="
    },
    {
      "name": "解析2",
      "type": 1,
      "url": "https://lbjx9.com/?url="
    },
    {
      "name": "解析3",
      "type": 1,
      "url": "https://huyajx.com/play/?url="
    },
    {
      "name": "解析4",
      "type": 1,
      "url": "https://hd.iapijy.com/play?url="
    },
    {
      "name": "解析6",
      "type": 1,
      "url": "https://nxxbfjx.com/?url="
    },
    {
      "name": "解析7",
      "type": 1,
      "url": "https://askvodbf.com/?url="
    },
    {
      "name": "解析8",
      "type": 1,
      "url": "https://sljxsl.com/?url="
    },
    {
      "name": "解析9",
      "type": 1,
      "url": "https://gayzyjiexi.com/play/?url="
    }
  ],
  "flags": [
    "youku",
    "qq",
    "iqiyi",
    "qiyi",
    "letv",
    "sohu",
    "tudou",
    "pptv",
    "mgtv",
    "wasu"
  ],
  "ijk": [
    {
      "group": "软解码",
      "options": [
        {
          "category": 1,
          "name": "opensles",
          "value": "0"
        },
        {
          "category": 4,
          "name": "overlay-format",
          "value": "842225234"
        },
        {
          "category": 4,
          "name": "framedrop",
          "value": "1"
        },
        {
          "category": 4,
          "name": "soundtouch",
          "value": "1"
        },
        {
          "category": 4,
          "name": "start-on-prepared",
          "value": "1"
        },
        {
          "category": 1,
          "name": "http-detect-range-support",
          "value": "0"
        },
        {
          "category": 1,
          "name": "fflags",
          "value": "fastseek"
        },
        {
          "category": 2,
          "name": "skip_loop_filter",
          "value": "48"
        },
        {
          "category": 4,
          "name": "reconnect",
          "value": "1"
        },
        {
          "category": 4,
          "name": "max-buffer-size",
          "value": "5242880"
        },
        {
          "category": 4,
          "name": "enable-accurate-seek",
          "value": "0"
        },
        {
          "category": 4,
          "name": "mediacodec",
          "value": "0"
        },
        {
          "category": 4,
          "name": "mediacodec-auto-rotate",
          "value": "0"
        },
        {
          "category": 4,
          "name": "mediacodec-handle-resolution-change",
          "value": "0"
        },
        {
          "category": 4,
          "name": "mediacodec-hevc",
          "value": "0"
        }
      ]
    },
    {
      "group": "硬解码",
      "options": [
        {
          "category": 4,
          "name": "opensles",
          "value": "0"
        },
        {
          "category": 4,
          "name": "overlay-format",
          "value": "842225234"
        },
        {
          "category": 4,
          "name": "framedrop",
          "value": "1"
        },
        {
          "category": 4,
          "name": "soundtouch",
          "value": "1"
        },
        {
          "category": 4,
          "name": "start-on-prepared",
          "value": "1"
        },
        {
          "category": 1,
          "name": "http-detect-range-support",
          "value": "0"
        },
        {
          "category": 1,
          "name": "fflags",
          "value": "fastseek"
        },
        {
          "category": 2,
          "name": "skip_loop_filter",
          "value": "48"
        },
        {
          "category": 4,
          "name": "reconnect",
          "value": "1"
        },
        {
          "category": 4,
          "name": "max-buffer-size",
          "value": "5242880"
        },
        {
          "category": 4,
          "name": "enable-accurate-seek",
          "value": "0"
        },
        {
          "category": 4,
          "name": "mediacodec",
          "value": "1"
        },
        {
          "category": 4,
          "name": "mediacodec-auto-rotate",
          "value": "1"
        },
        {
          "category": 4,
          "name": "mediacodec-handle-resolution-change",
          "value": "1"
        },
        {
          "category": 4,
          "name": "mediacodec-hevc",
          "value": "1"
        }
      ]
    }
  ]
    }