{
    "spider": "./spider.jar",
    "sites": [
        {
            "key": "豆瓣",
            "name": "🍺宝哥┃肥猫线路",
            "type": 3,
            "api": "csp_Douban",
            "searchable": 0
        },
        {
            "key": "living",
            "name": "🐼┃游戏┃直播",
            "type": 3,
            "api": "csp_Living",
            "playerType": 2,
            "ext": "https://lemonlive-api-1.deno.dev"
        },
        {
            "key": "潮流",
            "name": "🏜┃潮流┃APP",
            "type": 3,
            "api": "csp_AppRJ",
            "ext": "http://v.rbotv.cn"
        },
        {
            "key": "猫抓",
            "name": "🐱┃猫抓┃APP",
            "type": 3,
            "api": "csp_AppGet",
            "ext": "https://app.95112475.xyz|5a9w6x58dsq6z3a6"
        },
        {
            "key": "仓鼠",
            "name": "🐹┃耗子┃APP",
            "type": 3,
            "api": "csp_AppGet",
            "ext": "http://xywlkj.oss-cn-beijing.aliyuncs.com/wp-content/uploads/2024/12/1.txt|xmyxmyxywlkjxywl"
        },
        {
            "key": "优优",
            "name": "💯┃优优┃APP",
            "type": 3,
            "api": "csp_AppGet",
            "ext": "https://ios.hgyx.vip|062dec75d039980e"
        },
        {
            "key": "兔子",
            "name": "🐇┃兔子┃APP",
            "type": 3,
            "api": "csp_AppGet",
            "ext": "https://dyyztvappapigoodgx.68.gy:12689/ciwk28vu38io8/apiurl.txt|dyyztvapiappyyds"
        },
        {
            "key": "永永",
            "name": "♾️┃永永┃APP",
            "type": 3,
            "api": "csp_AppGet",
            "ext": "https://bind.315999.xyz/89.txt|#getapp@TMD@2025|120"
        },
        {
            "key": "csp_SaoHuo",
            "name": "🔥┃火火┃影视",
            "type": 3,
            "api": "csp_SaoHuo",
            "playerType": 2,
            "ext": "https://shdy5.us"
        },
        {
            "key": "csp_Gz360",
            "name": "🍉┃瓜子┃影视",
            "type": 3,
            "api": "csp_Gz360",
            "playerType": 2
        },
        {
            "key": "厂长",
            "name": "🏭┃厂长┃影视",
            "type": 3,
            "playerType": "2",
            "api": "csp_Czsapp",
            "searchable": 1,
            "quickSearch": 1,
            "filterable": 1,
            "ext": "https://www.czzymovie.com/"
        },
        {
            "key": "csp_AppXY",
            "name": "🎀️┃星牙┃短剧",
            "type": 3,
            "api": "./api/XYDJ.py",
            "searchable": 1,
            "changeable": 1,
            "quickSearch": 1,
            "filterable": 1
        },
        {
            "key": "📺┃︎剧王┃短剧",
            "name": "📺┃剧王┃短剧",
            "type": 3,
            "api": "./api/JWDJ.py",
            "searchable": 1,
            "changeable": 1,
            "quickSearch": 1,
            "filterable": 1
        },
        {
            "key": "丫丫",
            "name": "🐷┃丫丫┃动漫",
            "type": 3,
            "api": "csp_AppGet",
            "ext": "http://tv.yy-fun.cc|qkxnwkfjwpcnwycl"
        },
        {
            "key": "MTV",
            "name": "🎧┃明星┃MV",
            "type": 3,
            "api": "csp_Bili",
            "playerType": 2,
            "ext": {
                "json": "https://img2.gelonghui.com/library/2b4eb-8fb08a6b-f9f1-48d8-816a-1bc712a85fefnull",
                "cookie": ""
            },
            "style": {
                "type": "rect",
                "ratio": 1.333
            }
        },
        {
            "key": "看球",
            "name": "⚾┃看球┃直播",
            "type": 3,
            "api": "csp_Kanqiu",
            "searchable": 1,
            "quickSearch": 1,
            "changeable": 0,
            "gridview": 3,
            "style": {
                "type": "list"
            }
        },
           {
            "key": "config",
            "name": "🐼┃配置┃中心",
            "type": 3,
            "api": "csp_Config",
            "playerType": 2
        }
    ],
    "parses": [
        {
            "name": "Json聚合",
            "type": 3,
            "url": "Demo"
        },
        {
            "name": "Web聚合",
            "type": 3,
            "url": "Web"
        },
        {
            "name": "qiyi[官源]",
            "type": 1,
            "url": "http://39.104.230.177:1122/lxjx/myyk.php?url="
        },
        {
            "name": "肥猫最可爱",
            "type": 1,
            "url": "http://xn--ihqu10cn4c.xn--z7x900a.live/jx.php?id=2&url=",
            "ext": {
                "flag": [
                    "qq",
                    "腾讯",
                    "qiyi",
                    "爱奇艺",
                    "奇艺",
                    "youku",
                    "优酷",
                    "tucheng",
                    "sohu",
                    "搜狐",
                    "letv",
                    "乐视",
                    "mgtv",
                    "芒果",
                    "tnmb",
                    "seven",
                    "yzm",
                    "aliyun",
                    "RJuMao",
                    "bilibili",
                    "1905",
                    "xinvip",
                    "XAL",
                    "qiqi",
                    "XALS",
                    "YuMi-vip"
                ]
            }
        }
    ],
    "lives": [
        {
            "name": "冰茶",
            "type": 0,
            "url": "./lives/冰茶.txt",
            "ua": "bingcha/1.1 (mianfeifenxiang)"
        }
    ],
    "headers": [
        {
            "host": "hlsztemgsplive.miguvideo.com",
            "header": {
                "User-Agent": "bingcha/1.1 (mianfeifenxiang) "
            }
        }
    ],
    "proxy": [
        "raw.githubusercontent.com"
    ],
    "hosts": [
        "hlsztemgsplive.miguvideo.com=hlsztemgsplive.miguvideo.com.b.cdn.chinamobile.com",
        "push-rtmp-hs-spe-f5.douyincdn.com=source-fcdn-spe-push.s.bytefcdn.com",
        "cdn9.163189.xyz=gcore.jsdelivr.net",
        "cache.ott.fifalive.itv.cmvideo.cn=cache.ott.fifalive.itv.cmvideo.cn.e.cdn.chinamobile.com",
        "studentlive.migucloud.com=base-v4v6-miguvideo.e.cdn.chinamobile.com"
    ],
    "ads": [
        "static-mozai.4gtv.tv"
    ],
    "rules": [
        {
            "name": "♻️量非",
            "hosts": [
                "lz",
                "vip.lz",
                "v.cdnlz",
                "hd.lz",
                "ffzy",
                "vip.ffzy",
                "hd.ffzy"
            ],
            "regex": [
                "#EXT-X-DISCONTINUITY\r*\n*#EXTINF:6.666667,[\\s\\S]*?#EXT-X-DISCONTINUITY",
                "#EXT-X-DISCONTINUITY\r*\n*#EXTINF:6.600000,[\\s\\S]*?#EXT-X-DISCONTINUITY"
            ]
        },
        {
            "name": "♻️索尼",
            "hosts": [
                "suonizy",
                "qrssv.com"
            ],
            "regex": [
                "15.1666",
                "15.2666"
            ]
        },
        {
            "name": "♻️乐视",
            "hosts": [
                "leshiyun"
            ],
            "regex": [
                "15.92"
            ]
        },
        {
            "name": "♻️优质",
            "hosts": [
                "yzzy",
                "playback"
            ],
            "regex": [
                "16.63",
                "18.66",
                "17.66",
                "19.13"
            ]
        },
        {
            "name": "♻️快看",
            "hosts": [
                "kuaikan",
                "vip.kuaikan"
            ],
            "regex": [
                "15.32",
                "15.231",
                "18.066"
            ]
        },
        {
            "name": "♻️360",
            "hosts": [
                "lyhuicheng"
            ],
            "regex": [
                "#EXTINF.*?\\s+.*?hrz8QcR9.*?\\.ts\\s+",
                "#EXT-X-KEY:METHOD=NONE[\\s\\S]*?#EXT-X-DISCONTINUITY"
            ]
        },
        {
            "name": "♻️开源棋牌",
            "hosts": [
                "askzycdn",
                "jkunbf",
                "bfikuncdn",
                "bfaskcdn"
            ],
            "regex": [
                "#EXT-X-KEY:METHOD=NONE\r*\n*#EXTINF:5,[\\s\\S]*?#EXT-X-DISCONTINUITY",
                "#EXT-X-KEY:METHOD=AES-128,URI=\"[^\"]+\"\r*\n*#EXTINF:3.333,[\\s\\S]*?#EXT-X-DISCONTINUITY"
            ]
        },
        {
            "name": "♻️暴风",
            "hosts": [
                "bfengbf.com",
                "bfzy",
                "c1"
            ],
            "regex": [
                "#EXTINF.*?\\s+.*?adjump.*?\\.ts\\s+",
                "#EXT-X-DISCONTINUITY\r*\n*#EXTINF:3,[\\s\\S]*?#EXT-X-DISCONTINUITY"
            ]
        },
        {
            "name": "♻️农民",
            "hosts": [
                "toutiaovod.com"
            ],
            "regex": [
                "video/tos/cn"
            ]
        },
        {
            "name": "♻️火山",
            "hosts": [
                "huoshan.com"
            ],
            "regex": [
                "item_id="
            ]
        },
        {
            "name": "♻️抖音",
            "hosts": [
                "douyin.com"
            ],
            "regex": [
                "is_play_url="
            ]
        },
        {
            "name": "♻️磁力",
            "hosts": [
                "magnet"
            ],
            "regex": [
                "最 新",
                "直 播",
                "更 新"
            ]
        },
        {
            "name": "♻️饭团点击",
            "hosts": [
                "dadagui",
                "freeok",
                "dadagui"
            ],
            "script": [
                "document.querySelector(\"#playleft iframe\").contentWindow.document.querySelector(\"#start\").click();"
            ]
        },
        {
            "name": "♻️毛驴点击",
            "hosts": [
                "www.maolvys.com"
            ],
            "script": [
                "document.getElementsByClassName('swal-button swal-button--confirm')[0].click()"
            ]
        }
    ]
}