{
    "规则名": "age动漫",
    "规则作者": "",
    "请求头参数": "User-Agent$电脑",
    "网页编码格式": "UTF-8",
    "图片是否需要代理": "0",
    "是否开启获取首页数据": "1",
    "首页推荐链接": "https://www.agedm.io",
    "首页列表数组规则": "body&&.video_list_box",
    "首页片单列表数组规则": ".video_item",
    "首页片单是否Jsoup写法": "1",
    "首页片单标题": ".video_item-title&&Text",
    "首页片单链接": "a&&href[替换:http://=>https://]",
    "首页片单图片": ".lazyload&&data-original",
    "首页片单副标题": ".video_item--info&&Text",
    "首页片单链接加前缀": "",
    "首页片单链接加后缀": "",
    "分类起始页码": "1",
    "分类链接": "https://www.agedm.io/catalog/{cateId}-all-all-all-all-time-{catePg}",
    "分类名称": "全部&TV&剧场版&OVA",
    "分类名称替换词": "all&TV&剧场版&OVA",
    "筛选数据": {},
    //"筛选数据": "ext",
    //{cateId}
    "筛选子分类名称": "",
    "筛选子分类替换词": "",
    //{class}
    "筛选类型名称": "",
    "筛选类型替换词": "*",
    //{area}
    "筛选地区名称": "",
    "筛选地区替换词": "*",
    //{year}
    "筛选年份名称": "",
    "筛选年份替换词": "*",
    //{lang}
    "筛选语言名称": "",
    "筛选语言替换词": "*",
    //{by}
    "筛选排序名称": "时间&人气&评分",
    "筛选排序替换词": "time&hits&score",
    "分类截取模式": "1",
    "分类列表数组规则": "#cata_video_list&&.cata_video_item",
    "分类片单是否Jsoup写法": "1",
    "分类片单标题": "a&&title",
    "分类片单链接": "a&&href[替换:http://=>https://]",
    "分类片单图片": ".lazyload&&data-original",
    "分类片单副标题": ".video_play_status&&Text",
    "分类片单链接加前缀": "",
    "分类片单链接加后缀": "",
    "搜索请求头参数": "User-Agent$电脑",
    "搜索链接": "https://www.agedm.io/search?query={wd}&page={SearchPg}",
    "POST请求数据": "",
    "搜索截取模式": "1",
    "搜索列表数组规则": "#cata_video_list&&.cata_video_item",
    "搜索片单是否Jsoup写法": "1",
    "搜索片单图片": ".lazyload&&data-original",
    "搜索片单标题": "a&&title",
    "搜索片单链接": "a&&href[替换:http://=>https://]",
    "搜索片单副标题": ".video_play_status&&Text",
    "搜索片单链接加前缀": "",
    "搜索片单链接加后缀": "",
    "链接是否直接播放": "0",
    "直接播放链接加前缀": "",
    "直接播放链接加后缀": "",
    "直接播放直链视频请求头": "",
    "详情是否Jsoup写法": "1",
    "类型详情": "",
    "年代详情": "",
    "地区详情": "",
    "演员详情": "",
    "简介详情": ".video_detail_desc&&Text",
    "线路列表数组规则": ".video_detail_playlist_wrapper&&.nav-item",
    "线路标题": "Text",
    "播放列表数组规则": ".video_detail_playlist_wrapper&&.video_detail_episode",
    "选集列表数组规则": "li",
    "选集标题链接是否Jsoup写法": "1",
    "选集标题": "a&&Text",
    "选集链接": "a&&href",
    "是否反转选集序列": "0",
    "选集链接加前缀": "https://www.agedm.io",
    "选集链接加后缀": "",
    "分析MacPlayer": "0",
    "是否开启手动嗅探": "1",
    "手动嗅探视频链接关键词": ".mp4#.m3u8#.flv#video/tos",
    "手动嗅探视频链接过滤词": ".html#=http"
}