{
    "规则名": "短剧五五",
    "规则作者": "",
    "请求头参数": "手机",
    "网页编码格式": "UTF-8",
    "图片是否需要代理": "0",
    "是否开启获取首页数据": "1",
    "首页推荐链接": "https://www.duanju55.com",
    "首页列表数组规则": "body&&.FeaturedList_featuredBox",
    "首页片单列表数组规则": ".FeaturedList_featuredItem",
    "首页片单是否Jsoup写法": "1",
    "首页片单标题": ".FeaturedList_bookName&&Text",
    "首页片单链接": ".FeaturedList_bookName&&href",
    "首页片单图片": ".image_imageItem&&src",
    "首页片单副标题": ".FeaturedList_lastChapter&&Text",
    "首页片单链接加前缀": "https://www.duanju55.com",
    "首页片单链接加后缀": "",
    "分类起始页码": "1",
    "分类链接": "https://www.duanju55.com/index.php/vod/show/{class}id/{cateId}/page/{catePg}.html",
    "分类名称": "全部",
    "分类名称替换词": "1",
    //"筛选数据": {},
    "筛选数据": "ext",
    //{cateId}
    "筛选子分类名称": "",
    "筛选子分类替换词": "",
    //{class}
    "筛选类型名称": "都市&赘婿&战神&古代&言情&历史&脑洞&玄幻&搞笑&喜剧&萌宝&神豪&奇幻&脑洞&强者&回归&甜宠&豪门&恩怨&复仇&神医&马甲&亲情&人物&无敌&重生&闪婚&职场&商战&穿越&年代&权谋&高手&下山&悬疑&家国&虐恋&古装&时空&之旅&仙侠&欢喜&冤家&传承&觉醒&情感&逆袭&家庭",
    "筛选类型替换词": "class/都市/&class/赘婿/&class/战神/&class/古代/&class/言情/&class/历史/&class/脑洞/&class/玄幻/&class/搞笑/&class/喜剧/&class/萌宝/&class/神豪/&class/奇幻/&class/脑洞/&class/强者/&class/回归/&class/甜宠/&class/豪门/&class/恩怨/&class/复仇/&class/神医/&class/马甲/&class/亲情/&class/人物/&class/无敌/&class/重生/&class/闪婚/&class/职场/&class/商战/&class/穿越/&class/年代/&class/权谋/&class/高手/&class/下山/&class/悬疑/&class/家国/&class/虐恋/&class/古装/&class/时空/&class/之旅/&class/仙侠/&class/欢喜/&class/冤家/&class/传承/&class/觉醒/&class/情感/&class/逆袭/&class/家庭/",
    //{area}
    "筛选地区名称": "",
    "筛选地区替换词": "*",
    //{year}
    "筛选年份名称": "",
    "筛选年份替换词": "*",
    //{lang}
    "筛选语言名称": "",
    "筛选语言替换词": "*",
    //{by}
    "筛选排序名称": "时间&人气&评分",
    "筛选排序替换词": "time&hits&score",
    "分类截取模式": "1",
    "分类列表数组规则": ".BrowseList_listBox&&.BrowseList_listItem",
    "分类片单是否Jsoup写法": "1",
    "分类片单标题": ".BrowseList_bookName&&Text",
    "分类片单链接": ".BrowseList_bookViewCount&&href",
    "分类片单图片": ".image_imageItem&&src",
    "分类片单副标题": ".BrowseList_lastChapter&&Text",
    "分类片单链接加前缀": "https://www.duanju55.com",
    "分类片单链接加后缀": "",
    "搜索请求头参数": "User-Agent$手机",
    "搜索链接": "https://www.duanju55.com/index.php/vod/search/page/1/wd/{wd}.html",
    "POST请求数据": "searchword={wd}",
    "搜索截取模式": "1",
    "搜索列表数组规则": ".search_searchList&&.MTagBookList_tagBookItem",
    "搜索片单是否Jsoup写法": "1",
    "搜索片单图片": ".image_imageItem&&src",
    "搜索片单标题": ".MTagBookList_bookName&&Text",
    "搜索片单链接": ".MTagBookList_intro&&href",
    "搜索片单副标题": ".image_imageItem&&alt",
    "搜索片单链接加前缀": "https://www.duanju55.com",
    "搜索片单链接加后缀": "",
    "链接是否直接播放": "0",
    "直接播放链接加前缀": "",
    "直接播放链接加后缀": "",
    "直接播放直链视频请求头": "",
    "详情是否Jsoup写法": "0",
    "类型详情": "",
    "年代详情": "",
    "地区详情": "",
    "演员详情": "",
    "简介详情": "",
    "线路列表数组规则": "",
    "线路标题": "",
    "播放列表数组规则": "body&&.CatalogList_swiperBox",
    "选集列表数组规则": "a",
    "选集标题链接是否Jsoup写法": "1",
    "选集标题": "a&&Text",
    "选集链接": "a&&href",
    "是否反转选集序列": "0",
    "选集链接加前缀": "https://www.duanju55.com",
    "选集链接加后缀": "",
    "分析MacPlayer": "0",
    "是否开启手动嗅探": "0",
    "手动嗅探视频链接关键词": ".mp4#.m3u8#.flv#video/tos",
    "手动嗅探视频链接过滤词": ".html#=http"
}