{
    "规则名": "速剧",
    "规则作者": "",
    "请求头参数": "手机",
    "网页编码格式": "UTF-8",
    "图片是否需要代理": "0",
    "是否开启获取首页数据": "0",
    "首页推荐链接": "",
    "首页列表数组规则": "body&&.items-center:has(.cursor-pointer)",
    "首页片单列表数组规则": ".cursor-pointer",
    "首页片单是否Jsoup写法": "1",
    "分类起始页码": "1",
    "分类链接": "https://suju.cc/shuku/full_J_0_0_0_{cateId}_{catePg}.html",
    "分类名称": "全部&搞笑&豪门&复仇&宫廷&重生&恐怖&战争&婚姻&权谋&都市&奇幻&悬疑&总裁&冒险&热血&家庭&玄幻&擦边&甜宠&爱情",
    "分类名称替换词": "0&Jx&KrA&Kr9&Ktp&KtN&K35&KrG&KXj&Kar&vg&JC&Jd&KXn&KtC&Krl&KBu&JM&hk7&vN&KXA",
    "筛选数据": {},
    //"筛选数据": "ext",
    //{cateId}
    "筛选子分类名称": "",
    "筛选子分类替换词": "",
    //{class}
    "筛选类型名称": "",
    "筛选类型替换词": "*",
    //{area}
    "筛选地区名称": "",
    "筛选地区替换词": "*",
    //{year}
    "筛选年份名称": "",
    "筛选年份替换词": "*",
    //{lang}
    "筛选语言名称": "",
    "筛选语言替换词": "*",
    //{by}
    "筛选排序名称": "时间&人气&评分",
    "筛选排序替换词": "time&hits&score",
    "分类截取模式": "1",
    "分类列表数组规则": "body&&.cursor-pointer",
    "分类片单是否Jsoup写法": "1",
    "分类片单标题": "img&&alt",
    "分类片单链接": "a&&href",
    "分类片单图片": "img&&data-lazy",
    "分类片单副标题": ".p-1&&Text",
    "分类片单链接加前缀": "https://suju.cc",
    "分类片单链接加后缀": "",
    "搜索请求头参数": "User-Agent$手机#referer$https://suju.cc#origin$https://suju.cc",
    "搜索链接": "https://suju.cc/searchlist/;post",
    "POST请求数据": "keyword={wd}",
    "搜索截取模式": "1",
    "搜索列表数组规则": "body&&.cursor-pointer",
    "搜索片单是否Jsoup写法": "1",
    "搜索片单图片": "img&&data-lazy",
    "搜索片单标题": "img&&alt",
    "搜索片单链接": "a&&href",
    "搜索片单副标题": ".p-1&&Text",
    "搜索片单链接加前缀": "https://suju.cc",
    "搜索片单链接加后缀": "",
    "链接是否直接播放": "0",
    "直接播放链接加前缀": "",
    "直接播放链接加后缀": "",
    "直接播放直链视频请求头": "",
    "详情是否Jsoup写法": "1",
    "类型详情": "",
    "年代详情": "",
    "地区详情": "",
    "演员详情": "",
    "简介详情": ".container&&.opacity-80&&Text",
    "线路列表数组规则": "",
    "线路标题": "",
    "播放列表数组规则": "body&&.grid-cols-4:has(.py-2)",
    "选集列表数组规则": ".grid-cols-4&&a",
    "选集标题链接是否Jsoup写法": "1",
    "选集标题": "a&&Text",
    "选集链接": "a&&href!/showview/!.html",
    "是否反转选集序列": "0",
    "选集链接加前缀": "https://suju.cc/play/",
    "选集链接加后缀": "?road=1",
    "分析MacPlayer": "0",
    "是否开启手动嗅探": "0",
    "手动嗅探视频链接关键词": ".mp4#.m3u8#.flv#video/tos",
    "手动嗅探视频链接过滤词": ".html#=http"
}